{"cameraMode":{"drawMode":0,"name":"Shaded","section":"Shading Mode"},"sceneLighting":true,"audioPlay":false,"sceneViewState":{"m_AlwaysRefresh":true,"showFog":true,"showSkybox":true,"showFlares":true,"showImageEffects":true,"showParticleSystems":true,"showVisualEffectGraphs":true,"m_FxEnabled":true},"in2DMode":false,"pivot":{"x":-3.796252489089966,"y":0.9588058590888977,"z":20.03355598449707},"rotation":{"x":0.041908394545316699,"y":-0.06140700355172157,"z":0.0025804871693253519,"w":0.9972309470176697},"size":14.078167915344239,"orthographic":false}